[{"model": "admin.logentry", "pk": 1, "fields": {"action_time": "2023-08-24T17:02:01.435Z", "user": 1, "content_type": 8, "object_id": "1", "object_repr": "ArtistGroup object (1)", "action_flag": 1, "change_message": "[{\"added\": {}}]"}}, {"model": "admin.logentry", "pk": 2, "fields": {"action_time": "2023-08-24T17:02:09.894Z", "user": 1, "content_type": 8, "object_id": "2", "object_repr": "ArtistGroup object (2)", "action_flag": 1, "change_message": "[{\"added\": {}}]"}}, {"model": "admin.logentry", "pk": 3, "fields": {"action_time": "2023-08-24T17:05:16.079Z", "user": 1, "content_type": 8, "object_id": "3", "object_repr": "ArtistGroup object (3)", "action_flag": 1, "change_message": "[{\"added\": {}}]"}}, {"model": "admin.logentry", "pk": 4, "fields": {"action_time": "2023-08-24T17:11:35.684Z", "user": 1, "content_type": 7, "object_id": "1", "object_repr": "Album object (1)", "action_flag": 1, "change_message": "[{\"added\": {}}]"}}, {"model": "admin.logentry", "pk": 5, "fields": {"action_time": "2023-08-24T17:13:32.437Z", "user": 1, "content_type": 9, "object_id": "1", "object_repr": "Song object (1)", "action_flag": 1, "change_message": "[{\"added\": {}}]"}}, {"model": "admin.logentry", "pk": 6, "fields": {"action_time": "2023-08-24T17:13:57.241Z", "user": 1, "content_type": 9, "object_id": "2", "object_repr": "Song object (2)", "action_flag": 1, "change_message": "[{\"added\": {}}]"}}, {"model": "admin.logentry", "pk": 7, "fields": {"action_time": "2023-08-24T17:14:10.886Z", "user": 1, "content_type": 9, "object_id": "3", "object_repr": "Song object (3)", "action_flag": 1, "change_message": "[{\"added\": {}}]"}}, {"model": "admin.logentry", "pk": 8, "fields": {"action_time": "2023-08-24T17:14:22.309Z", "user": 1, "content_type": 9, "object_id": "4", "object_repr": "Song object (4)", "action_flag": 1, "change_message": "[{\"added\": {}}]"}}, {"model": "admin.logentry", "pk": 9, "fields": {"action_time": "2023-08-24T17:14:41.583Z", "user": 1, "content_type": 9, "object_id": "5", "object_repr": "Song object (5)", "action_flag": 1, "change_message": "[{\"added\": {}}]"}}, {"model": "admin.logentry", "pk": 10, "fields": {"action_time": "2023-08-24T17:15:00.196Z", "user": 1, "content_type": 9, "object_id": "6", "object_repr": "Song object (6)", "action_flag": 1, "change_message": "[{\"added\": {}}]"}}, {"model": "admin.logentry", "pk": 11, "fields": {"action_time": "2023-08-24T19:48:47.168Z", "user": 1, "content_type": 9, "object_id": "7", "object_repr": "Misery(Beatles)", "action_flag": 1, "change_message": "[{\"added\": {}}]"}}, {"model": "admin.logentry", "pk": 12, "fields": {"action_time": "2023-08-24T19:49:34.699Z", "user": 1, "content_type": 7, "object_id": "1", "object_repr": "Beatles 1963", "action_flag": 2, "change_message": "[{\"added\": {\"name\": \"album song\", \"object\": \"AlbumSong object (1)\"}}, {\"added\": {\"name\": \"album song\", \"object\": \"AlbumSong object (2)\"}}, {\"added\": {\"name\": \"album song\", \"object\": \"AlbumSong object (3)\"}}, {\"added\": {\"name\": \"album song\", \"object\": \"AlbumSong object (4)\"}}, {\"added\": {\"name\": \"album song\", \"object\": \"AlbumSong object (5)\"}}, {\"added\": {\"name\": \"album song\", \"object\": \"AlbumSong object (6)\"}}]"}}, {"model": "admin.logentry", "pk": 13, "fields": {"action_time": "2023-08-24T19:53:25.527Z", "user": 1, "content_type": 9, "object_id": "8", "object_repr": "A Hard Day’s Night(Beatles)", "action_flag": 1, "change_message": "[{\"added\": {}}]"}}, {"model": "admin.logentry", "pk": 14, "fields": {"action_time": "2023-08-24T19:53:42.489Z", "user": 1, "content_type": 9, "object_id": "9", "object_repr": "«I Should Have Known Better(Beatles)", "action_flag": 1, "change_message": "[{\"added\": {}}]"}}, {"model": "admin.logentry", "pk": 15, "fields": {"action_time": "2023-08-24T19:54:13.466Z", "user": 1, "content_type": 7, "object_id": "2", "object_repr": "Beatles 1964", "action_flag": 1, "change_message": "[{\"added\": {}}, {\"added\": {\"name\": \"album song\", \"object\": \"AlbumSong object (7)\"}}, {\"added\": {\"name\": \"album song\", \"object\": \"AlbumSong object (8)\"}}, {\"added\": {\"name\": \"album song\", \"object\": \"AlbumSong object (9)\"}}, {\"added\": {\"name\": \"album song\", \"object\": \"AlbumSong object (10)\"}}]"}}, {"model": "admin.logentry", "pk": 16, "fields": {"action_time": "2023-08-24T19:55:53.661Z", "user": 1, "content_type": 9, "object_id": "10", "object_repr": "Ring Ring (Bara Du Slog En Signal)(ABBA)", "action_flag": 1, "change_message": "[{\"added\": {}}]"}}, {"model": "admin.logentry", "pk": 17, "fields": {"action_time": "2023-08-24T19:56:13.843Z", "user": 1, "content_type": 9, "object_id": "11", "object_repr": "Love Isn't Easy (But It Sure Is Hard Enough)(ABBA)", "action_flag": 1, "change_message": "[{\"added\": {}}]"}}, {"model": "admin.logentry", "pk": 18, "fields": {"action_time": "2023-08-24T19:56:30.257Z", "user": 1, "content_type": 9, "object_id": "12", "object_repr": "Nina, Pretty Ballerina(ABBA)", "action_flag": 1, "change_message": "[{\"added\": {}}]"}}, {"model": "admin.logentry", "pk": 19, "fields": {"action_time": "2023-08-24T19:56:38.885Z", "user": 1, "content_type": 7, "object_id": "3", "object_repr": "ABBA 1973", "action_flag": 1, "change_message": "[{\"added\": {}}, {\"added\": {\"name\": \"album song\", \"object\": \"AlbumSong object (11)\"}}, {\"added\": {\"name\": \"album song\", \"object\": \"AlbumSong object (12)\"}}, {\"added\": {\"name\": \"album song\", \"object\": \"AlbumSong object (13)\"}}]"}}, {"model": "admin.logentry", "pk": 20, "fields": {"action_time": "2023-08-24T19:57:35.677Z", "user": 1, "content_type": 7, "object_id": "4", "object_repr": "ABBA 1974", "action_flag": 1, "change_message": "[{\"added\": {}}, {\"added\": {\"name\": \"album song\", \"object\": \"AlbumSong object (14)\"}}, {\"added\": {\"name\": \"album song\", \"object\": \"AlbumSong object (15)\"}}, {\"added\": {\"name\": \"album song\", \"object\": \"AlbumSong object (16)\"}}]"}}, {"model": "admin.logentry", "pk": 21, "fields": {"action_time": "2023-08-24T19:59:02.707Z", "user": 1, "content_type": 9, "object_id": "13", "object_repr": "Keep Yourself Alive(Queen)", "action_flag": 1, "change_message": "[{\"added\": {}}]"}}, {"model": "admin.logentry", "pk": 22, "fields": {"action_time": "2023-08-24T19:59:18.450Z", "user": 1, "content_type": 9, "object_id": "14", "object_repr": "Liar(Queen)", "action_flag": 1, "change_message": "[{\"added\": {}}]"}}, {"model": "admin.logentry", "pk": 23, "fields": {"action_time": "2023-08-24T19:59:43.354Z", "user": 1, "content_type": 9, "object_id": "15", "object_repr": "Seven Seas of Rhye(Queen)", "action_flag": 1, "change_message": "[{\"added\": {}}]"}}, {"model": "admin.logentry", "pk": 24, "fields": {"action_time": "2023-08-24T19:59:53.147Z", "user": 1, "content_type": 7, "object_id": "5", "object_repr": "Queen 1975", "action_flag": 1, "change_message": "[{\"added\": {}}, {\"added\": {\"name\": \"album song\", \"object\": \"AlbumSong object (17)\"}}, {\"added\": {\"name\": \"album song\", \"object\": \"AlbumSong object (18)\"}}, {\"added\": {\"name\": \"album song\", \"object\": \"AlbumSong object (19)\"}}]"}}, {"model": "admin.logentry", "pk": 25, "fields": {"action_time": "2023-08-24T20:00:48.193Z", "user": 1, "content_type": 7, "object_id": "6", "object_repr": "Queen 1976", "action_flag": 1, "change_message": "[{\"added\": {}}, {\"added\": {\"name\": \"album song\", \"object\": \"AlbumSong object (20)\"}}, {\"added\": {\"name\": \"album song\", \"object\": \"AlbumSong object (21)\"}}, {\"added\": {\"name\": \"album song\", \"object\": \"AlbumSong object (22)\"}}]"}}, {"model": "admin.logentry", "pk": 26, "fields": {"action_time": "2023-08-24T22:07:45.165Z", "user": 1, "content_type": 7, "object_id": "6", "object_repr": "Queen 1976", "action_flag": 2, "change_message": "[{\"changed\": {\"fields\": [\"Album name\"]}}]"}}, {"model": "admin.logentry", "pk": 27, "fields": {"action_time": "2023-08-24T22:08:06.126Z", "user": 1, "content_type": 7, "object_id": "1", "object_repr": "Beatles 1963", "action_flag": 2, "change_message": "[{\"changed\": {\"fields\": [\"Album name\"]}}]"}}, {"model": "admin.logentry", "pk": 28, "fields": {"action_time": "2023-08-24T22:08:28.688Z", "user": 1, "content_type": 7, "object_id": "2", "object_repr": "Beatles 1964", "action_flag": 2, "change_message": "[{\"changed\": {\"fields\": [\"Album name\"]}}]"}}, {"model": "admin.logentry", "pk": 29, "fields": {"action_time": "2023-08-24T22:08:44.376Z", "user": 1, "content_type": 7, "object_id": "3", "object_repr": "ABBA 1973", "action_flag": 2, "change_message": "[{\"changed\": {\"fields\": [\"Album name\"]}}]"}}, {"model": "admin.logentry", "pk": 30, "fields": {"action_time": "2023-08-24T22:08:56.867Z", "user": 1, "content_type": 7, "object_id": "4", "object_repr": "ABBA 1974", "action_flag": 2, "change_message": "[{\"changed\": {\"fields\": [\"Album name\"]}}]"}}, {"model": "admin.logentry", "pk": 31, "fields": {"action_time": "2023-08-24T22:09:14.202Z", "user": 1, "content_type": 7, "object_id": "5", "object_repr": "Queen 1975", "action_flag": 2, "change_message": "[{\"changed\": {\"fields\": [\"Album name\"]}}]"}}, {"model": "auth.user", "pk": 1, "fields": {"password": "pbkdf2_sha256$600000$xzmtAuYlGzRxVx92odPBaO$aSi1JpioQyJrtXW+bSNPdqvelsC0eVFNeNtlEt3e5uY=", "last_login": "2023-08-25T20:20:50.778Z", "is_superuser": true, "username": "adm", "first_name": "", "last_name": "", "email": "", "is_staff": true, "is_active": true, "date_joined": "2023-08-24T17:00:32.292Z", "groups": [], "user_permissions": []}}, {"model": "sessions.session", "pk": "28nbnq8wa0p23p9bz4n5aojxknc3tcbp", "fields": {"session_data": ".eJxVjE0OwiAYBe_C2hChlIBL956BfH9I1UBS2pXx7rZJF7p9M_PeKsG6lLR2mdPE6qKMOv1uCPSUugN-QL03Ta0u84R6V_RBu741ltf1cP8OCvSy1Y4EDEf2RCE7L4AOQ_BjyHYwVnAgcKOzRM4DbFo8R6LIkhFisCLq8wUNijkx:1qZdIY:BKC4mttN08-3ykQN0t3kXXwPatXH3n7T8UMGkao-Luk", "expire_date": "2023-09-08T20:20:50.783Z"}}, {"model": "sessions.session", "pk": "eztpiqxyrqibnjl915o50ci1v1f7edww", "fields": {"session_data": ".eJxVjE0OwiAYBe_C2hChlIBL956BfH9I1UBS2pXx7rZJF7p9M_PeKsG6lLR2mdPE6qKMOv1uCPSUugN-QL03Ta0u84R6V_RBu741ltf1cP8OCvSy1Y4EDEf2RCE7L4AOQ_BjyHYwVnAgcKOzRM4DbFo8R6LIkhFisCLq8wUNijkx:1qZDhk:xu9CDXkg3XpC66sf-bPGcwuoflyXu9msGqQAhHUEWcY", "expire_date": "2023-09-07T17:01:08.684Z"}}, {"model": "albums.artistgroup", "pk": 1, "fields": {"name": "Beatles"}}, {"model": "albums.artistgroup", "pk": 2, "fields": {"name": "ABBA"}}, {"model": "albums.artistgroup", "pk": 3, "fields": {"name": "Queen"}}, {"model": "albums.album", "pk": 1, "fields": {"album_name": "Please Please Me", "artist_group": 1, "release_year": 1963}}, {"model": "albums.album", "pk": 2, "fields": {"album_name": "With the Beatles", "artist_group": 1, "release_year": 1964}}, {"model": "albums.album", "pk": 3, "fields": {"album_name": "Ring Ring", "artist_group": 2, "release_year": 1973}}, {"model": "albums.album", "pk": 4, "fields": {"album_name": "Waterloo", "artist_group": 2, "release_year": 1974}}, {"model": "albums.album", "pk": 5, "fields": {"album_name": "Flash Gordon", "artist_group": 3, "release_year": 1975}}, {"model": "albums.album", "pk": 6, "fields": {"album_name": "A Day at the Races", "artist_group": 3, "release_year": 1976}}, {"model": "albums.song", "pk": 1, "fields": {"artist_group": 1, "name": "I Saw Her Standing There"}}, {"model": "albums.song", "pk": 2, "fields": {"artist_group": 1, "name": "Anna (Go to Him)"}}, {"model": "albums.song", "pk": 3, "fields": {"artist_group": 1, "name": "Chains"}}, {"model": "albums.song", "pk": 4, "fields": {"artist_group": 1, "name": "Boys"}}, {"model": "albums.song", "pk": 5, "fields": {"artist_group": 1, "name": "Ask Me Why"}}, {"model": "albums.song", "pk": 6, "fields": {"artist_group": 1, "name": "Please, Please Me"}}, {"model": "albums.song", "pk": 7, "fields": {"artist_group": 1, "name": "Misery"}}, {"model": "albums.song", "pk": 8, "fields": {"artist_group": 1, "name": "A Hard Day’s Night"}}, {"model": "albums.song", "pk": 9, "fields": {"artist_group": 1, "name": "«I Should Have Known Better"}}, {"model": "albums.song", "pk": 10, "fields": {"artist_group": 2, "name": "Ring Ring (Bara Du Slog En Signal)"}}, {"model": "albums.song", "pk": 11, "fields": {"artist_group": 2, "name": "Love Isn't Easy (But It Sure Is Hard Enough)"}}, {"model": "albums.song", "pk": 12, "fields": {"artist_group": 2, "name": "Nina, Pretty Ballerina"}}, {"model": "albums.song", "pk": 13, "fields": {"artist_group": 3, "name": "Keep Yourself Alive"}}, {"model": "albums.song", "pk": 14, "fields": {"artist_group": 3, "name": "Liar"}}, {"model": "albums.song", "pk": 15, "fields": {"artist_group": 3, "name": "Seven Seas of Rhye"}}, {"model": "albums.albumsong", "pk": 1, "fields": {"album": 1, "song": 1, "position": 1}}, {"model": "albums.albumsong", "pk": 2, "fields": {"album": 1, "song": 7, "position": 2}}, {"model": "albums.albumsong", "pk": 3, "fields": {"album": 1, "song": 2, "position": 3}}, {"model": "albums.albumsong", "pk": 4, "fields": {"album": 1, "song": 3, "position": 4}}, {"model": "albums.albumsong", "pk": 5, "fields": {"album": 1, "song": 4, "position": 5}}, {"model": "albums.albumsong", "pk": 6, "fields": {"album": 1, "song": 5, "position": 6}}, {"model": "albums.albumsong", "pk": 7, "fields": {"album": 2, "song": 8, "position": 1}}, {"model": "albums.albumsong", "pk": 8, "fields": {"album": 2, "song": 9, "position": 2}}, {"model": "albums.albumsong", "pk": 9, "fields": {"album": 2, "song": 1, "position": 3}}, {"model": "albums.albumsong", "pk": 10, "fields": {"album": 2, "song": 7, "position": 4}}, {"model": "albums.albumsong", "pk": 11, "fields": {"album": 3, "song": 10, "position": 1}}, {"model": "albums.albumsong", "pk": 12, "fields": {"album": 3, "song": 11, "position": 2}}, {"model": "albums.albumsong", "pk": 13, "fields": {"album": 3, "song": 12, "position": 3}}, {"model": "albums.albumsong", "pk": 14, "fields": {"album": 4, "song": 12, "position": 1}}, {"model": "albums.albumsong", "pk": 15, "fields": {"album": 4, "song": 10, "position": 2}}, {"model": "albums.albumsong", "pk": 16, "fields": {"album": 4, "song": 11, "position": 3}}, {"model": "albums.albumsong", "pk": 17, "fields": {"album": 5, "song": 13, "position": 1}}, {"model": "albums.albumsong", "pk": 18, "fields": {"album": 5, "song": 14, "position": 2}}, {"model": "albums.albumsong", "pk": 19, "fields": {"album": 5, "song": 15, "position": 3}}, {"model": "albums.albumsong", "pk": 20, "fields": {"album": 6, "song": 15, "position": 1}}, {"model": "albums.albumsong", "pk": 21, "fields": {"album": 6, "song": 14, "position": 2}}, {"model": "albums.albumsong", "pk": 22, "fields": {"album": 6, "song": 13, "position": 3}}]